{"cameraMode":{"drawMode":0,"name":"Shaded","section":"Shading Mode"},"sceneLighting":true,"audioPlay":false,"sceneViewState":{"m_AlwaysRefresh":false,"showFog":true,"showSkybox":true,"showFlares":true,"showImageEffects":true,"showParticleSystems":true,"showVisualEffectGraphs":true,"m_FxEnabled":true},"in2DMode":false,"pivot":{"x":-0.39006417989730837,"y":0.7050250172615051,"z":-0.5620762705802918},"rotation":{"x":-0.08838704973459244,"y":-0.6403736472129822,"z":0.07445266097784043,"w":-0.7594427466392517},"size":0.8660253882408142,"orthographic":false}