{"cameraMode":{"drawMode":0,"name":"Shaded","section":"Shading Mode"},"sceneLighting":true,"audioPlay":false,"sceneViewState":{"m_AlwaysRefresh":false,"showFog":true,"showSkybox":true,"showFlares":true,"showImageEffects":true,"showParticleSystems":true,"showVisualEffectGraphs":true,"m_FxEnabled":true},"in2DMode":false,"pivot":{"x":-0.37258675694465639,"y":-1.2285923957824708,"z":3.159496784210205},"rotation":{"x":0.20341604948043824,"y":0.2199152261018753,"z":-0.047035615891218188,"w":0.9529955387115479},"size":5.037719249725342,"orthographic":false}