{"cameraMode":{"drawMode":0,"name":"Shaded","section":"Shading Mode"},"sceneLighting":true,"audioPlay":false,"sceneViewState":{"m_AlwaysRefresh":false,"showFog":true,"showSkybox":true,"showFlares":true,"showImageEffects":true,"showParticleSystems":true,"showVisualEffectGraphs":true,"m_FxEnabled":true},"in2DMode":false,"pivot":{"x":-1.8313052654266358,"y":2.7345211505889894,"z":-1.0223568677902222},"rotation":{"x":0.32772716879844668,"y":0.5215239524841309,"z":-0.22665151953697205,"w":0.7545706033706665},"size":1.1377191543579102,"orthographic":false}